{
  "rules": [
    [
      0.0,
      1.0,
      false,
      true
    ],
    [
      2.0943951023931953,
      1.0,
      true,
      false
    ],
    [
      0.0,
      1.0,
      false,
      true
    ],
    [
      5.235987755982989,
      1.0,
      true,
      false
    ]
  ],
  "base_length": 10.0,
  "start_point": [
    100,
    100
  ],
  "recursion_depth": 1
}