{
  "rules": [
    [
      5.235987755982989,
      1.0,
      true,
      false
    ],
    [
      1.0471975511965976,
      1.0,
      false,
      true
    ],
    [
      1.0471975511965976,
      1.0,
      true,
      false
    ],
    [
      5.235987755982989,
      1.0,
      true,
      false
    ]
  ],
  "base_length": 10.0,
  "start_point": [
    100,
    100
  ],
  "recursion_depth": 1
}